Type,Name,Request Count,Failure Count,Median Response Time,Average Response Time,Min Response Time,Max Response Time,Average Content Size,Requests/s,Failures/s,50%,66%,75%,80%,90%,95%,98%,99%,99.9%,99.99%,100%
GET,/hotels,31435,30597,250.0,492.5100316283716,19.627465997473337,62368.89688599331,175.6419595991729,72.00416624288356,70.08466596257382,250,400,500,570,860,1800,3500,5100,13000,30000,62000
GET,/recommendations,19914,0,210.0,352.44985833222154,17.505884999991395,28495.504491002066,440.6255900371598,45.614473248315036,0.0,210,350,440,500,640,910,1800,2800,12000,27000,28000
POST,/reservation,524,0,520.0,776.6617225357091,22.358704009093344,22317.3090259952,41.30725190839695,1.2002603184752976,0.0,520,820,1000,1100,1400,1700,2200,3700,22000,22000,22000
POST,/user,537,0,200.0,376.6680994472179,15.861951003898866,14992.884703999152,64.0,1.230037769124494,0.0,200,350,460,530,640,830,1600,3800,15000,15000,15000
,Aggregated,52410,30597,230.0,440.9460186047998,15.861951003898866,62368.89688599331,273.83964892196144,120.04893757879839,70.08466596257382,230,390,480,540,750,1400,2900,4600,13000,27000,62000
