Type,Name,Request Count,Failure Count,Median Response Time,Average Response Time,Min Response Time,Max Response Time,Average Content Size,Requests/s,Failures/s,50%,66%,75%,80%,90%,95%,98%,99%,99.9%,99.99%,100%
GET,/hotels,65461,0,79,102.09387751376033,12.583981268107891,11008.166792802513,43.0,108.34811801691225,0.0,79,100,120,130,160,210,270,330,6100,10000,11000
GET,/recommendations,41532,0,15,27.486931908451258,4.666518419981003,7201.203064993024,436.86610324569006,68.74190796777317,0.0,15,22,27,31,42,54,110,140,1200,7200,7200
POST,/reservation,1048,0,27,95.71572270454085,9.919332340359688,16657.403125427663,64.0,1.7346027051484707,0.0,27,33,38,41,52,64,120,140,9700,17000,17000
POST,/user,1098,0,12,86.89589151274582,6.243669427931309,17644.19918693602,64.0,1.8173604677986839,0.0,12,15,17,18,23,31,50,830,15000,18000,18000
,Aggregated,109139,0,45,73.4886368596507,4.666518419981003,17644.19918693602,193.29561385022768,180.64198915763257,0.0,45,73,92,110,140,180,240,300,5200,10000,18000
