Type,Name,Request Count,Failure Count,Median Response Time,Average Response Time,Min Response Time,Max Response Time,Average Content Size,Requests/s,Failures/s,50%,66%,75%,80%,90%,95%,98%,99%,99.9%,99.99%,100%
GET,/hotels,20295,19556,88,398.53047311586056,19.908410002244636,20723.72928200275,180.0440009854644,65.5726926488613,63.18500012028242,88,230,450,550,920,1500,3200,4400,13000,16000,21000
GET,/recommendations,12562,0,61,243.60804976827464,18.685396000364562,14698.845581999194,440.0602611049196,40.587542008129866,0.0,61,150,260,410,640,930,1200,1700,9700,15000,15000
POST,/reservation,333,0,320.0,607.2782227717186,23.019690001092386,5630.764271001681,41.27627627627628,1.0759155778305403,0.0,320,490,740,830,1300,1900,3700,3800,5600,5600,5600
POST,/user,339,0,44,208.84633129796563,14.931826997781172,2508.189203999791,64.0,1.095301444097757,0.0,44,110,230,360,630,940,1400,1600,2500,2500,2500
,Aggregated,33529,19556,78,340.6425132741337,14.931826997781172,20723.72928200275,274.9104059172657,108.33145167891946,63.18500012028242,78,200,390,510,830,1200,2400,3700,12000,16000,21000
