Type,Name,Request Count,Failure Count,Median Response Time,Average Response Time,Min Response Time,Max Response Time,Average Content Size,Requests/s,Failures/s,50%,66%,75%,80%,90%,95%,98%,99%,99.9%,99.99%,100%
GET,/hotels,87067,0,75,110.0800551137429,12.314080260694027,9104.9546552822,43.0,144.1873596408808,0.0,75,100,120,130,180,280,500,620,4800,9100,9100
GET,/recommendations,55386,0,16,32.311439749874594,4.8261359333992,7417.636380530894,439.84586357563285,91.7220198361012,0.0,16,22,29,33,51,75,130,230,2600,7000,7400
POST,/reservation,1445,0,27,118.8166440570901,7.7390410006046295,4847.7107444778085,42.98961937716263,2.3929931510339477,0.0,27,53,220,240,310,410,610,770,4800,4800,4800
POST,/user,1399,0,12,24.56675018460155,4.97643556445837,6890.194249339402,64.0,2.3168148223505143,0.0,12,15,19,23,37,47,62,110,2900,6900,6900
,Aggregated,145297,0,41,79.69882719357977,4.8261359333992,9104.9546552822,194.47641726945497,240.61918745036644,0.0,41,71,92,110,150,220,380,560,4100,8900,9100
