Type,Name,Request Count,Failure Count,Median Response Time,Average Response Time,Min Response Time,Max Response Time,Average Content Size,Requests/s,Failures/s,50%,66%,75%,80%,90%,95%,98%,99%,99.9%,99.99%,100%
GET,/hotels,23516,12626,2600.0,7291.988711610713,20.789073008927517,80281.9325219898,191.371874468447,36.42769352183068,19.558430787831018,2600,5300,7500,9400,16000,41000,47000,72000,79000,80000,80000
GET,/recommendations,16315,0,52,556.9784594393344,16.821216995595023,28891.557861003093,440.2749003984064,25.27291290222264,0.0,52,180,420,600,1400,2200,5400,8500,18000,25000,29000
POST,/reservation,422,0,350.0,1367.6284846159867,21.79526400868781,27364.0762349969,41.32701421800948,0.6537032941917226,0.0,350,620,960,1300,2300,6600,15000,17000,27000,27000,27000
POST,/user,424,0,49,513.3676456600094,16.01830599247478,14338.095202008844,64.0,0.6568014140694084,0.0,50,160,420,570,1400,1700,4700,7700,14000,14000,14000
,Aggregated,40677,12626,720.0,4458.547021910617,16.01830599247478,80281.9325219898,288.31924674877695,63.011111132314454,19.558430787831018,720,2000,3900,5500,11000,18000,44000,47000,78000,80000,80000
