Type,Name,Request Count,Failure Count,Median Response Time,Average Response Time,Min Response Time,Max Response Time,Average Content Size,Requests/s,Failures/s,50%,66%,75%,80%,90%,95%,98%,99%,99.9%,99.99%,100%
GET,/hotels,39736,94,650.0,2457.1679256692128,22.447837000072468,261971.1760680002,443.47188947050535,57.78428068212319,0.13669524824138263,650,910,1200,1500,2700,5800,16000,73000,127000,190000,262000
GET,/recommendations,25598,0,440.0,2050.9566272832417,17.48284300265368,195246.39627600118,441.4057348230331,37.224733664711835,0.0,440,560,630,740,2100,4600,14000,72000,128000,182000,195000
POST,/reservation,660,0,770.0,2350.76368820909,27.543892996618524,122610.35364399868,41.487878787878785,0.959775147226729,0.0,780,940,1100,1300,2800,5100,9800,73000,123000,123000,123000
POST,/user,671,0,440.0,1318.8829240686057,18.00772699789377,89279.65535399562,64.0,0.9757713996805079,0.0,440,540,620,690,1600,3600,9200,15000,89000,89000,89000
,Aggregated,66665,94,550.0,2288.6805207508587,17.48284300265368,261971.1760680002,434.87930698267456,96.94456089374225,0.13669524824138263,550,740,1000,1300,2500,5200,15000,73000,127000,182000,262000
