Type,Name,Request Count,Failure Count,Median Response Time,Average Response Time,Min Response Time,Max Response Time,Average Content Size,Requests/s,Failures/s,50%,66%,75%,80%,90%,95%,98%,99%,99.9%,99.99%,100%
GET,/hotels,11636,4248,1900.0,7758.987347964131,22.384158000932075,118313.99391399464,297.0292196631145,34.37786257114785,12.550460656775186,1900,3800,6000,8900,24000,40000,67000,68000,71000,90000,118000
GET,/recommendations,7731,411,510.0,1782.1451819985598,19.198790003429167,90326.82190099877,427.2875436554133,22.840774796970095,1.214274795182345,510,740,1000,1300,3800,9100,18000,26000,54000,90000,90000
POST,/reservation,211,7,860.0,1620.6712860330126,29.554546999861486,21521.576258994173,45.976303317535546,0.6233868169914228,0.020681079236682276,860,1300,1800,2100,2800,4700,12000,16000,22000,22000,22000
POST,/user,205,0,490.0,1721.509511897691,16.99517299857689,36249.13892799668,64.0,0.6056601776456952,0.0,490,800,970,1100,4400,8900,14000,23000,36000,36000,36000
,Aggregated,19783,4666,1000.0,5295.264230613841,16.99517299857689,118313.99391399464,342.8404690896224,58.44768436275506,13.785416531194214,1000,2200,3600,5000,14000,29000,60000,68000,70000,90000,118000
