Type,Name,Request Count,Failure Count,Median Response Time,Average Response Time,Min Response Time,Max Response Time,Average Content Size,Requests/s,Failures/s,50%,66%,75%,80%,90%,95%,98%,99%,99.9%,99.99%,100%
GET,/hotels,20764,19925,110.0,695.0559555520081,20.160533000307623,51154.92857500067,182.18113080331344,64.85990981286106,62.239149635005624,110,330,560,700,1400,3000,7200,9600,22000,39000,51000
GET,/recommendations,13250,0,77,552.0782357868011,17.957645002752542,47153.151161001006,436.3290566037736,41.38864404837262,0.0,77,210,450,560,1100,2000,5500,9200,22000,39000,47000
POST,/reservation,345,0,320.0,937.9295126433869,22.730118998879334,23533.4577729991,41.266666666666666,1.077666580882155,0.0,320,550,800,1100,1600,3100,8000,13000,24000,24000,24000
POST,/user,347,0,69,462.9366982248323,17.239206998056034,16744.914943999902,64.0,1.0839139233800226,0.0,69,220,440,550,910,1600,5500,7000,17000,17000,17000
,Aggregated,34706,19925,94,640.5636835533619,17.239206998056034,51154.92857500067,276.6269232985651,108.41013436549586,62.239149635005624,94,280,520,640,1200,2600,6600,9500,22000,39000,51000
