Type,Name,Request Count,Failure Count,Median Response Time,Average Response Time,Min Response Time,Max Response Time,Average Content Size,Requests/s,Failures/s,50%,66%,75%,80%,90%,95%,98%,99%,99.9%,99.99%,100%
GET,/hotels,22555,5895,830.0,1752.5263361814227,20.470131996262353,66388.55928400153,328.1257370871204,60.82954461607911,15.89847774381673,830,1700,2400,2900,4400,6000,8700,10000,15000,33000,66000
GET,/recommendations,14669,0,250.0,430.5973732768323,17.442491996916942,28520.531262998702,441.8547276569637,39.5614537784644,0.0,250,490,560,590,720,1300,2300,3600,11000,22000,29000
POST,/reservation,406,0,590.0,852.5733497535929,27.963984000962228,14194.89150899608,41.33990147783251,1.0949587725173184,0.0,590,870,1100,1200,1700,2300,2700,3300,14000,14000,14000
POST,/user,407,0,260.0,422.1914896856423,16.315246997692157,6822.287859999051,64.0,1.09765571530677,0.0,260,500,560,590,750,1300,2600,3400,6800,6800,6800
,Aggregated,38037,5895,550.0,1218.8826957297326,16.315246997692157,66388.55928400153,366.0981412834871,102.58361288236759,15.89847774381673,550,810,1400,1800,3300,4900,7400,9400,15000,29000,66000
