Type,Name,Request Count,Failure Count,Median Response Time,Average Response Time,Min Response Time,Max Response Time,Average Content Size,Requests/s,Failures/s,50%,66%,75%,80%,90%,95%,98%,99%,99.9%,99.99%,100%
GET,/hotels,24402,5888,1600.0,4178.567229168218,20.41916400048649,95830.59696399869,334.0243422670273,53.53937258424509,12.918606088682695,1600,2800,4100,5000,9000,18000,38000,41000,46000,49000,96000
GET,/recommendations,15809,429,520.0,1125.7125580994834,18.1327690006583,69125.92347300233,432.2697830349801,34.68584301222567,0.9412503417195781,520,750,1200,1400,2300,4100,8000,11000,35000,57000,69000
POST,/reservation,442,9,880.0,1469.984634696724,36.82132300309604,36221.50538399728,44.38461538461539,0.9697730793474442,0.019746510665445697,890,1300,1700,1900,3300,4900,6300,7200,36000,36000,36000
POST,/user,433,0,500.0,1110.5244332794862,16.321486000379082,43228.59070100094,64.0,0.9500265686819984,0.0,500,790,1200,1500,2200,3800,5900,11000,43000,43000,43000
,Aggregated,41086,6326,920.0,2942.422665757285,16.321486000379082,95830.59696399869,365.86537993477094,90.1450152445002,13.879602941067718,920,1800,2600,3400,6400,11000,32000,39000,45000,55000,96000
