Type,Name,Request Count,Failure Count,Median Response Time,Average Response Time,Min Response Time,Max Response Time,Average Content Size,Requests/s,Failures/s,50%,66%,75%,80%,90%,95%,98%,99%,99.9%,99.99%,100%
GET,/hotels,31252,27,710.0,1378.42302610668,23.490449000746594,93905.37023999968,439.5828107001152,67.28876893376399,0.05813377579712107,710,1100,1500,1800,2700,4000,8000,12000,33000,88000,94000
GET,/recommendations,20138,0,350.0,836.5943654192587,15.621751999788103,98333.08648899947,438.8654782004171,43.35918433342311,0.0,350,540,600,640,1500,2800,7300,12000,28000,72000,98000
POST,/reservation,529,0,740.0,1424.755225092639,22.64170600028592,38927.4866379983,41.69565217391305,1.1389913850621127,0.0,740,930,1200,1500,2200,5000,12000,17000,39000,39000,39000
POST,/user,561,0,440.0,926.9827431390551,16.111531000206014,31858.645412999977,64.0,1.2078906748957376,0.0,440,540,600,650,1700,3600,8400,12000,32000,32000,32000
,Aggregated,52480,27,560.0,1166.149896640126,15.621751999788103,98333.08648899947,431.28193597560977,112.99483532714494,0.05813377579712107,560,790,1200,1500,2400,3700,7800,12000,31000,88000,98000
