Type,Name,Request Count,Failure Count,Median Response Time,Average Response Time,Min Response Time,Max Response Time,Average Content Size,Requests/s,Failures/s,50%,66%,75%,80%,90%,95%,98%,99%,99.9%,99.99%,100%
GET,/hotels,21,21,300052.152839,300073.70540947607,300052.152839,300111.6448970006,182.0,0.06518192181004637,0.06518192181004637,300000,300000,300000,300000,300000,300000,300000,300000,300000,300000,300000
GET,/recommendations,10,10,300055.5181460004,300071.45139089995,300055.5181460004,300100.6778359997,182.0,0.031039010385736362,0.031039010385736362,300000,300000,300000,300000,300000,300000,300000,300000,300000,300000,300000
,Aggregated,31,31,300052.152839,300072.97830670956,300052.152839,300111.6448970006,182.0,0.09622093219578272,0.09622093219578272,300000,300000,300000,300000,300000,300000,300000,300000,300000,300000,300000
