Type,Name,Request Count,Failure Count,Median Response Time,Average Response Time,Min Response Time,Max Response Time,Average Content Size,Requests/s,Failures/s,50%,66%,75%,80%,90%,95%,98%,99%,99.9%,99.99%,100%
GET,/hotels,66817,3,92,128.83387207097604,12.807872146368027,300115.33952225,43.00624092671027,110.60268879651328,0.00496592283983926,92,120,130,140,200,270,370,470,2300,7300,300000
GET,/recommendations,42243,0,21,51.737183422707204,5.418191663920879,5608.029539696872,438.8016239376938,69.92515950777663,0.0,21,31,41,50,130,230,310,440,880,5600,5600
POST,/reservation,1087,0,41,147.63311413138172,10.67468337714672,3553.9624206721783,50.45814167433303,1.799319375635092,0.0,41,220,250,280,330,390,580,760,2000,3600,3600
POST,/user,1080,0,13,19.107749069075066,5.791350267827511,2046.7976061627269,64.0,1.7877322223421337,0.0,13,17,20,22,28,36,68,120,130,2000,2000
,Aggregated,111227,3,62,98.67154767769732,5.418191663920879,300115.33952225,193.60238970753505,184.11489990226713,0.00496592283983926,62,96,120,130,190,260,360,460,1300,7300,300000
