Type,Name,Request Count,Failure Count,Median Response Time,Average Response Time,Min Response Time,Max Response Time,Average Content Size,Requests/s,Failures/s,50%,66%,75%,80%,90%,95%,98%,99%,99.9%,99.99%,100%
GET,/hotels,65920,1,45,76.75336189609014,11.078515090048313,300010.98467130214,43.002108616504856,109.06468209227556,0.0016545006385357336,45,62,74,83,110,130,150,180,6700,12000,300000
GET,/recommendations,41750,0,13,22.423801879906012,4.852095618844032,5743.386458605528,438.48924550898204,69.07540165886688,0.0,13,18,23,27,38,50,94,130,290,4700,5700
POST,/reservation,1180,0,26,85.90617554767404,9.654071182012558,16884.29948501289,63.98050847457627,1.9523107534721658,0.0,26,31,36,39,49,65,120,160,16000,17000,17000
POST,/user,1050,0,11,50.884273950720114,6.130787543952465,16840.491235256195,64.0,1.7372256704625202,0.0,11,13,15,16,21,27,38,110,14000,17000,17000
,Aggregated,109900,1,32,55.96517852111783,4.852095618844032,300010.98467130214,193.6698999090082,181.8296201750771,0.0016545006385357336,32,44,56,65,92,120,140,170,4700,12000,300000
