Type,Name,Request Count,Failure Count,Median Response Time,Average Response Time,Min Response Time,Max Response Time,Average Content Size,Requests/s,Failures/s,50%,66%,75%,80%,90%,95%,98%,99%,99.9%,99.99%,100%
GET,/hotels,16390,9045,640.0,1995.4725573302103,20.087543001864105,14963.995583995711,223.38133007931665,52.93541835678887,29.212987128563476,640,1800,2900,3700,6100,8200,10000,12000,14000,15000,15000
GET,/recommendations,10366,0,38,86.8516904551323,16.59360700432444,2683.1153050006833,440.52884429866873,33.47947203700265,0.0,38,52,69,89,200,370,550,710,1600,2700,2700
POST,/reservation,284,0,270.0,359.82345620435757,23.689203000685666,5516.917962006119,41.32394366197183,0.9172458092329493,0.0,270,330,390,450,600,760,950,1100,5500,5500,5500
POST,/user,286,0,29,92.91908939487982,16.7162340003415,4757.7211930038175,64.0,0.9237052867627589,0.0,29,39,57,76,160,330,510,1300,4800,4800,4800
,Aggregated,27326,9045,130.0,1234.5335782415666,16.59360700432444,14963.995583995711,302.19505233111323,88.25584148978723,29.212987128563476,130,490,1100,1900,4300,6600,9300,11000,14000,15000,15000
