Type,Name,Request Count,Failure Count,Median Response Time,Average Response Time,Min Response Time,Max Response Time,Average Content Size,Requests/s,Failures/s,50%,66%,75%,80%,90%,95%,98%,99%,99.9%,99.99%,100%
GET,/hotels,25985,14613,2200.0,5255.141489607348,19.12873500259593,75546.2502099981,178.39969213007504,42.610896178760534,23.962787218019155,2200,4000,5900,7600,14000,22000,38000,43000,49000,51000,76000
GET,/recommendations,17214,0,120.0,749.0376288039478,15.73484100663336,51853.62222999538,439.34530033693505,28.227976402585487,0.0,120,350,590,680,1500,3200,7500,11000,23000,48000,52000
POST,/reservation,461,0,520.0,1190.6494441106772,24.2611220019171,25160.35165500216,41.199566160520604,0.7559600976874584,0.0,520,850,1100,1300,2300,4100,8600,13000,25000,25000,25000
POST,/user,457,0,160.0,682.3097084025532,16.182553001272026,12638.039104997006,64.0,0.7494007909830119,0.0,160,470,660,830,1800,3000,5700,8600,13000,13000,13000
,Aggregated,44117,14613,720.0,3407.06508330469,15.73484100663336,75546.2502099981,277.59927012262847,72.34423347001649,23.962787218019155,720,2000,3300,4500,9500,16000,27000,39000,48000,51000,76000
