Type,Name,Request Count,Failure Count,Median Response Time,Average Response Time,Min Response Time,Max Response Time,Average Content Size,Requests/s,Failures/s,50%,66%,75%,80%,90%,95%,98%,99%,99.9%,99.99%,100%
GET,/hotels,83600,3,97,137.1024363298798,13.59228789806366,300006.9970181212,43.00498803827751,137.06649708924493,0.004918654201767163,97,120,140,160,230,320,480,620,1100,9400,300000
GET,/recommendations,52983,0,17,27.96089540743889,4.3600378558039665,5737.2445575892925,441.75529886944867,86.86835185740986,0.0,17,24,30,35,50,72,120,220,300,5200,5700
POST,/reservation,1380,0,23,122.6958996967237,7.591230794787407,9594.729290343821,42.15,2.2625809328128947,0.0,23,37,230,250,320,410,590,980,2000,9600,9600
POST,/user,1337,0,12,32.96497287597889,5.6602610275149345,8981.42191581428,64.0,2.1920802225875655,0.0,12,14,16,18,23,31,78,120,5600,9000,9000
,Aggregated,139300,3,53,94.44802806078211,4.3600378558039665,300006.9970181212,194.86340990667622,228.38951010205525,0.004918654201767163,53,90,110,130,180,260,390,520,1000,9000,300000
