Type,Name,Request Count,Failure Count,Median Response Time,Average Response Time,Min Response Time,Max Response Time,Average Content Size,Requests/s,Failures/s,50%,66%,75%,80%,90%,95%,98%,99%,99.9%,99.99%,100%
GET,/hotels,43476,1750,300.0,648.2100518061228,7.317108102142811,20594.914700835943,48.4310654154016,71.81870640600971,2.8908532572112655,300,460,600,720,1100,1800,5400,8400,17000,19000,21000
GET,/recommendations,27655,0,16,39.62758332160892,4.522079601883888,4063.2163835689425,443.09477490508044,45.683741044672885,0.0,16,25,32,38,66,170,250,380,1100,4100,4100
POST,/reservation,785,4,21,56.683970595098984,8.564220741391182,11012.686525471509,64.58089171974522,1.2967541753776248,0.006607664587911464,21,26,31,35,48,71,130,170,11000,11000,11000
POST,/user,767,0,9,22.64666567025937,4.603534936904907,8008.834286592901,64.0,1.2670196847320232,0.0,9,10,11,12,17,20,26,75,8000,8000,8000
,Aggregated,72683,1754,94,403.66176325369526,4.522079601883888,20594.914700835943,198.93453764979432,120.06622131079224,2.897460921799177,94,250,390,470,810,1300,2700,6200,17000,18000,21000
