Type,Name,Request Count,Failure Count,Median Response Time,Average Response Time,Min Response Time,Max Response Time,Average Content Size,Requests/s,Failures/s,50%,66%,75%,80%,90%,95%,98%,99%,99.9%,99.99%,100%
GET,/hotels,84354,0,33,62.73792904573148,9.809199720621109,7043.565725907683,43.0,138.20124269017398,0.0,33,57,78,91,120,160,260,370,660,6000,7000
GET,/recommendations,53823,0,15,27.584013820407836,4.064109176397324,6399.56880453974,440.9942961187596,88.1808270540014,0.0,15,21,28,33,50,74,140,230,350,5000,6400
POST,/reservation,1376,0,22,127.81147935446677,7.898398675024509,10007.335916161537,41.90261627906977,2.2543674270536003,0.0,22,39,220,240,310,430,790,1300,2900,10000,10000
POST,/user,1453,0,11,22.44341897560926,5.5918702855706215,6890.092181041837,64.0,2.3805202554570357,0.0,11,13,15,17,22,28,44,110,4900,6900,6900
,Aggregated,141006,0,27,49.539229011125414,4.064109176397324,10007.335916161537,195.12295930669617,231.01695742668602,0.0,27,37,53,68,110,140,240,310,670,6000,10000
