Type,Name,Request Count,Failure Count,Median Response Time,Average Response Time,Min Response Time,Max Response Time,Average Content Size,Requests/s,Failures/s,50%,66%,75%,80%,90%,95%,98%,99%,99.9%,99.99%,100%
GET,/hotels,82645,0,98,230.82016599328236,9.872861206531525,5642.059260047972,43.0,135.27619734845752,0.0,98,250,350,420,630,820,1100,1200,1800,5600,5600
GET,/recommendations,52137,0,16,29.43309238350038,4.083289764821529,6012.735292315483,439.59637109921937,85.33964669558387,0.0,16,23,30,35,55,83,160,240,330,5000,6000
POST,/reservation,1365,0,23,117.74611567785016,8.025621064007282,2544.9839998036623,42.14578754578755,2.234279259249132,0.0,23,38,230,260,330,410,620,850,1800,2500,2500
POST,/user,1375,0,11,30.15153349258683,5.082126706838608,10762.428011745214,64.0,2.250647605470737,0.0,11,14,16,18,23,33,62,120,9800,11000,11000
,Aggregated,137522,0,31,151.34209481076448,4.083289764821529,10762.428011745214,193.55812160963336,225.10077090876123,0.0,31,82,170,260,480,680,940,1100,1700,5200,11000
