Type,Name,Request Count,Failure Count,Median Response Time,Average Response Time,Min Response Time,Max Response Time,Average Content Size,Requests/s,Failures/s,50%,66%,75%,80%,90%,95%,98%,99%,99.9%,99.99%,100%
GET,/hotels,41932,3251,430.0,1182.9597726757227,7.367823272943497,18873.081635683775,53.45941047410093,68.38533300100778,5.301934503154543,430,710,1100,1400,3100,5600,8500,12000,15000,18000,19000
GET,/recommendations,26681,0,17,40.996427786939016,4.97798714786768,8349.607175216079,441.1920092950039,43.513046594483654,0.0,17,26,33,38,73,170,260,330,620,7100,8300
POST,/reservation,724,0,22,35.03422688908916,7.635202258825302,1267.8821831941605,64.0,1.1807445648366315,0.0,22,26,30,33,47,110,160,360,1300,1300,1300
POST,/user,742,0,9,66.83514896915808,4.243879579007626,13376.73295661807,64.0,1.2101000926916858,0.0,9,10,12,13,17,21,63,110,13000,13000,13000
,Aggregated,70079,3251,150.0,724.505933852146,4.243879579007626,18873.081635683775,201.30036102113328,114.28922425301975,5.301934503154543,150,360,540,730,1800,3800,6800,9100,15000,18000,19000
